{
  "swagger" : "2.0",
  "info" : {
    "title" : "OrderManagementApp",
    "version" : "1.0.0",
    "description" : "Order management App"
  },
  "paths" : {
    "/order" : {
      "get" : {
        "operationId" : "getOrder",
        "responses" : {
          "200" : {
            "description" : "The operation was successful.",
            "schema" : {
              "type" : "string"
            }
          }
        },
        "produces" : [ "application/json" ],
        "description" : "Retrieve order"
      },
      "post" : {
        "operationId" : "postOrder",
        "responses" : {
          "200" : {
            "description" : "The operation was successful."
          }
        },
        "consumes" : [ "application/json" ],
        "produces" : [ "application/json" ],
        "description" : "Insert a order",
        "parameters" : [ {
          "name" : "body",
          "in" : "body",
          "schema" : {
            "type" : "string"
          },
          "description" : "The request body for the operation",
          "required" : true
        } ]
      },
      "delete" : {
        "operationId" : "deleteOrder",
        "responses" : {
          "200" : {
            "description" : "The operation was successful."
          }
        },
        "produces" : [ "application/json" ],
        "description" : "Remove from order"
      }
    }
  },
  "basePath" : "/ordermanagementapp/v1"
}