{
  "swagger" : "2.0",
  "info" : {
    "title" : "inquiry",
    "version" : "1.0.0",
    "description" : "inquiry"
  },
  "paths" : {
    "/account" : {
      "post" : {
        "operationId" : "postAccount",
        "responses" : {
          "200" : {
            "description" : "The operation was successful."
          }
        },
        "consumes" : [ "application/json" ],
        "produces" : [ "application/json" ],
        "description" : "Insert a account",
        "parameters" : [ {
          "name" : "body",
          "in" : "body",
          "schema" : {
            "type" : "string"
          },
          "description" : "The request body for the operation",
          "required" : true
        } ]
      }
    }
  },
  "basePath" : "/inquiry/v1",
  "definitions" : {
    "inquiry_model" : {
      "type" : "array",
      "items" : {
        "type" : "object",
        "properties" : {
          "inquiry_status" : {
            "type" : "string"
          },
          "inquiry_message" : {
            "type" : "string"
          },
          "inquiry_account" : {
            "type" : "string"
          },
          "account_balance" : {
            "type" : "string",
            "format" : null
          }
        }
      }
    }
  }
}